startup_name,domain,round,amount_usd,investor,date,source,scraped_at,headquarters
PhantomFX,-,Post-IPO,12400000.0,Zee Entertainment Enterprises,,,2026-05-25,Tamil Nadu
Signsetu,-,Grant,,Saksham,,,2026-05-25,Karnataka
The Binge Town,-,Debt,110000.0,Varun Alagh,,,2026-05-25,Karnataka
The Binge Town,-,Angel,110000.0,Varun Alagh,,,2026-05-25,Karnataka
Craon,AI,Seed,,Undisclosed,,,2026-05-25,Haryana
Aivar Innovations,AI & Cloud Solutions,Seed,4600000.0,Sorin,,,2026-05-25,Tamil Nadu
Enerzolve,AI Infrastructure,Seed,5100000.0,Jungle Ventures,,,2026-05-25,Karnataka
Arrowhead,AI Voice Bots,Seed,3000000.0,Stellaris Venture Partners,,,2026-05-25,Karnataka
Brisil Technologies,Advanced Materials,Seed,328000.0,Momentum Capital,,,2026-05-25,Gujarat
Whizzo,Advanced Materials,Series A,15000000.0,Fundamentum,,,2026-05-25,Karnataka
D-Propulse,Aerospace Tech,Seed,2730000.0,Indian Angel Network,,,2026-05-25,Delhi
Maraal Aerospace,Aerospace Tech,Seed,218000.0,HPCL,,,2026-05-25,Uttar Pradesh
Bellatrix Aerospace,"Aerospace, Maritime and Defense Tech > Space Tech",Series A,20000000.0,Cactus Partners,,,2026-05-25,Karnataka
Dhruva Space,"Aerospace, Maritime and Defense Tech > Space Tech",Grant,551000.0,IN-SPACe,,,2026-05-25,Telangana
InterCosmos,"Aerospace, Maritime and Defense Tech > Space Tech",Seed,,Indian Angel Network,,,2026-05-25,Kerala
Skyroot Aerospace,"Aerospace, Maritime and Defense Tech > Space Tech",Debt,10800000.0,BlackRock,,,2026-05-25,Telangana
Xovian Aerospace,"Aerospace, Maritime and Defense Tech > Space Tech",Seed,2000000.0,Inflection Point Ventures,,,2026-05-25,Karnataka
Xovian Aerospace,"Aerospace, Maritime and Defense Tech > Space Tech",Seed,2000000.0,IIM Udaipur Incubation Center,,,2026-05-25,Karnataka
Arya.ag,AgriTech,Series D,56200000.0,GEF Capital Partners,,,2026-05-25,Uttar Pradesh
SoilSens,AgriTech - Crop Tech,Angel,53900.0,Namita Thapar,,,2026-05-25,Maharashtra
WayCool,AgriTech - Supply Chain,Series E,22700000.0,Lightrock,,,2026-05-25,Tamil Nadu
RenewCred,Air Pollution Management Tech,Grant,,ACT Grants,,,2026-05-25,Karnataka
RenewCred,Air Pollution Management Tech,Seed,471000.0,Campus Angels Network,,,2026-05-25,Karnataka
Misochain,Aircraft Components,Seed,2000000.0,Capital-A,,,2026-05-25,Karnataka
Arthum,Alternative Lending,Seed,1090000.0,Caret Capital,,,2026-05-25,Uttar Pradesh
Intellend Technologies Advisors,Alternative Lending,Seed,1200000.0,Incubate Fund India,,,2026-05-25,Maharashtra
Mufin Finance,Alternative Lending,Debt,12000000.0,Finnfund,,,2026-05-25,Delhi
ClimaCrew,Aquaculture,Angel,1670000.0,Undisclosed,,,2026-05-25,Maharashtra
Aqua Exchange,Aquaculture Tech,Series B,8000000.0,Endiya Partners,,,2026-05-25,Andhra Pradesh
Captain Fresh,Aquaculture Tech,Debt,31400000.0,Blue Earth Capital,,,2026-05-25,Karnataka
Corel Lifecare,Aquaculture Tech,Angel,133000.0,Anupam Mittal,,,2026-05-25,Maharashtra
StepOut,Artificial Intelligence,Seed,1500000.0,Rainmatter,,,2026-05-25,Karnataka
Fortuna Engineering,Auto > Auto Components,Unattributed,13600000.0,Bharat Forge,,,2026-05-25,Maharashtra
Smart Garage,Auto > Auto Retail & Aftersales,Seed,258000.0,Undisclosed,,,2026-05-25,-
NASH,Auto Components,PE,,ChrysCapital,,,2026-05-25,Karnataka
Hala Mobility,Auto E-Commerce & Content,Series A,1350000.0,Recur Club,,,2026-05-25,Telangana
Hala Mobility,Auto E-Commerce & Content,Debt,,Recur Club,,,2026-05-25,Telangana
PumPumPum,Auto Retail,Seed,2000000.0,Lighthouse Canton,,,2026-05-25,Haryana
RoshAi,Auto Tech > Autonomous Vehicles,Seed,2360000.0,Indian Angel Network,,,2026-05-25,Ohio / Kerala
REGRIP,Auto – Auto Retail & Aftersales,Debt,545000.0,Undisclosed,,,2026-05-25,Haryana
REGRIP,Auto – Auto Retail & Aftersales,Seed,1660000.0,Auxano,,,2026-05-25,Haryana
For Real,B2B E-Commerce,Seed,352000.0,Titan Capital,,,2026-05-25,Haryana
Knight FinTech,Banking Technology,Series A,23600000.0,Accel,,,2026-05-25,Maharashtra
&Done,Beauty & Personal Care,Series A,3000000.0,RTP Global,,,2026-05-25,Haryana
Antinorm,Beauty & Personal Care,Angel,112000.0,Anupam Mittal,,,2026-05-25,Delhi
Antinorm,Beauty & Personal Care,Seed,3110000.0,Fireside Ventures,,,2026-05-25,Delhi
Fabpad,Beauty & Personal Care,Seed,,Inflection Point Ventures,,,2026-05-25,West Bengal
KUHI BATH,Beauty & Personal Care,Grant,11100.0,Government of Assam,,,2026-05-25,Assam
Phitku,Beauty & Personal Care,Angel,205000.0,Aman Gupta,,,2026-05-25,West Bengal
Be Clinical,Beauty Tech,Seed,665000.0,V3 Ventures,,,2026-05-25,Delhi
House of EM5,Beauty Tech,Angel,,Suryakumar Yadav,,,2026-05-25,Madhya Pradesh
Pee Safe,Beauty Tech,Series C,,Orbimed,,,2026-05-25,Haryana
Truth And Hair,Beauty Tech,Angel,277000.0,Varun Alagh,,,2026-05-25,Haryana
Dview,Business Intelligence,Seed,,Grand View Research,,,2026-05-25,Karnataka
Securityfiresystems,Business Services,Debt,,Prospect Capital Management,,,2026-05-25,USA
Securityfiresystems,Business Services,Series B,26000000.0,Prospect Capital Management,,,2026-05-25,USA
Deccan AI,Business Services > AI Services,Series A,25000000.0,A91 Partners,,,2026-05-25,"California, Telangana"
Panoculon Labs,Business Services > AI Services,Grant,,Saksham,,,2026-05-25,Tamil Nadu
SILA,Business Services > Consulting,PE,100000000.0,Permira,,,2026-05-25,Maharashtra
Navikenz,Business Services > Digital Transformation Services,Seed,7500000.0,Sudip Nandy,,,2026-05-25,New Jersey / Uttar Pradesh
Kaar Technologies,Business Services > ERP Services,Series B,11000000.0,Playbook Partners,,,2026-05-25,"Tamil Nadu, India"
OFF BEAT,Business Services > HR,Seed,10700000.0,Bessemer Venture Partners,,,2026-05-25,Delhi
63SATS,Business Services – IT Services,Series B,26700000.0,Aarii Ventures,,,2026-05-25,Maharashtra
Wholeleaf,Cannabis HealthTech,Angel,166000.0,Aman Gupta,,,2026-05-25,Delhi
NowPurchase,Chemicals and Materials Tech > Materials Tech,Series B,8500000.0,Bajaj Finserv,,,2026-05-25,West Bengal
NowPurchase,Chemicals and Materials Tech > Materials Tech,Series B,8500000.0,Orios Venture Partners,,,2026-05-25,West Bengal
Varaha,ClimateTech,Series B,20000000.0,WestBridge Capital,,,2026-05-25,Haryana
House Of Diagnostics,Clinical Laboratory Chains,Seed,,360 One,,,2026-05-25,Delhi
Qure.ai,Clinical Labs IT,Grant,,Gates Foundation,,,2026-05-25,"Maharashtra, New York"
Neverinstall,Cloud OS,Seed,,Equirus Capital,,,2026-05-25,Karnataka
HandyPanda,Construction Tech,Seed,222000.0,ajvc,,,2026-05-25,Haryana
Rapido,Consumer,Series F,240000000.0,Prosus,,,2026-05-25,Karnataka
The Hosteller,Consumer (Online Travel),Series B,16100000.000000002,Promaft Partners,,,2026-05-25,Maharashtra
Helium,Consumer (Residential Real Estate Tech),Angel,536000.0,Albinder Dhindsa,,,2026-05-25,Karnataka
RoamPrime,Consumer - Auto E-Commerce,Seed,320000.0,Kriscore,,,2026-05-25,Karnataka
Canvaloop,Consumer - Fashion Tech,Series A,1440000.0,Gujarat Venture Finance,,,2026-05-25,Gujarat
LETZRYD,Consumer - Road Transport Tech,Series A,4000000.0,15th Rock,,,2026-05-25,Karnataka
sprect,Consumer > Communication Apps,Seed,212000.0,Subhkam Ventures,,,2026-05-25,Maharashtra
Fanon,Consumer > Digital Publishing Platforms,Seed,1000000.0,Kalaari Capital,,,2026-05-25,Karnataka
Alaya,Consumer > Fashion Tech,Seed,,LC Nueva AIF,,,2026-05-25,Delhi
Chupps,Consumer > Fashion Tech,Series A,,Ajinkya Rahane,,,2026-05-25,Maharashtra
GIVA,Consumer > Fashion Tech,Series C,11100000.0,IQ-EQ,,,2026-05-25,Karnataka
House of Chikankari,Consumer > Fashion Tech,Series A,2650000.0,Cap Alpha,,,2026-05-25,Delhi
Kisah,Consumer > Fashion Tech,Series A,3800000.0,Fireside Ventures,,,2026-05-25,West Bengal
Thread Factory,Consumer > Fashion Tech,Seed,160000.0,Aviral Bhatnagar,,,2026-05-25,Uttar Pradesh
uppercase,Consumer > Fashion Tech,Series B,2150000.0,Accel,,,2026-05-25,Karnataka
uppercase,Consumer > Fashion Tech,Series B,2150000.0,Sixth Sense Ventures,,,2026-05-25,Karnataka
Easy Fix,Consumer > Local Services,Seed,651000.0,Campus Angels Network,,,2026-05-25,"Haryana, India"
Happy Pet Tech,Consumer > Local Services,Angel,,Devi Prasad Shetty,,,2026-05-25,Karnataka
Pronto,Consumer > Local Services,Series B,25000000.0,Epiq Capital,,,2026-05-25,Karnataka
Snabbit,Consumer > Local Services,Series D,56000000.0,SIG Venture Capital,,,2026-05-25,Karnataka
Daakit,Consumer > Logistics Tech,Seed,138000.0,Inflection Point Ventures,,,2026-05-25,Haryana
SuperProcure,Consumer > Logistics Tech,Seed,1600000.0,Pentathlon Ventures,,,2026-05-25,West Bengal
Hoopr,Consumer > Music Tech,Seed,,TCA,,,2026-05-25,Maharashtra
OFF/BEAT,Consumer > Music Tech,Seed,10800000.0,Bessemer Venture Partners,,,2026-05-25,Delhi
Rimigo,Consumer > Online Travel,Angel,109000.0,SGgrow Capital,,,2026-05-25,"Karnataka, India"
Proho,Consumer > Residential Real Estate Tech,Seed,1000000.0,Bharath Vivek Chandhok,,,2026-05-25,Uttar Pradesh
Six Sense Mobility,Consumer > Road Transport Tech,Seed,4800000.0,Piper Serica,,,2026-05-25,Delhi
Daffodil Health,Consumer > Social Platforms,Series A,16300000.0,Flare Capital Partners,,,2026-05-25,Karnataka
Gappu,Consumer > Social Platforms,Debt,22000.0,Amit Jain,,,2026-05-25,Karnataka
Gappu,Consumer > Social Platforms,Angel,11000.0,Amit Jain,,,2026-05-25,Karnataka
Misfits,Consumer > Social Platforms,Angel,110000.0,Kanika Tekriwal,,,2026-05-25,Haryana
Treefe,Consumer > Social Platforms,Seed,,Swishin Ventures,,,2026-05-25,Maharashtra
Kingdom Of Chess,Consumer > Sports Tech,Seed,177000.0,BeyondSeed,,,2026-05-25,Rajasthan
PRED,Consumer > Sports Tech,Seed,2500000.0,Accel,,,2026-05-25,Karnataka
SportsSkill,Consumer > Sports Tech,Angel,,Nirav Mody,,,2026-05-25,Maharashtra
TrEV,Consumer > Transport Tech,Angel,393000.0,Undisclosed,,,2026-05-25,Haryana
Kuku FM,Consumer > Vernacular Platforms,Angel,,Mahendra Singh Dhoni,,,2026-05-25,Maharashtra
Ultrahuman,Consumer Electronics - Health Wearables,Series C,48000000.0,Undisclosed,,,2026-05-25,Karnataka
Grest,Consumer Electronics E-Commerce,Seed,1760000.0,Equentis Wealth Advisory Services,,,2026-05-25,Haryana
Helium Air,Consumer Goods,Seed,2000000.0,India Quotient,,,2026-05-25,Rajasthan
DSLR,Consumer Goods (Apparel),Series A,9000000.0,Z47,,,2026-05-25,Karnataka
Fitkin,Consumer Goods - Apparel,Angel,108000.0,Vineeta Singh,,,2026-05-25,Delhi
Bonkers Corner,Consumer Goods > Apparel Brands,Series A,10500000.0,India SME Investments,,,2026-05-25,"Maharashtra, India"
HealthFab,Consumer Goods > Apparel Brands,Series A,2100000.0,Atomic Capital,,,2026-05-25,Karnataka
My Designation,Consumer Goods > Apparel Brands,Series A,4410000.0,RPSG Capital Ventures,,,2026-05-25,Kerala
Warriorworld,Consumer Goods > Apparel Brands,Angel,82800.0,Vineeta Singh,,,2026-05-25,Gujarat
CHOSEN,Consumer Goods > Beauty & Personal Care,Series A,5000000.0,Fireside Ventures,,,2026-05-25,Tamil Nadu
Puresta,Consumer Goods > Beauty & Personal Care Products,Seed,3700000.0,Spring,,,2026-05-25,Haryana
BabyWorks By Swapnil,Consumer Goods > Fashion Accessories,Angel,66200.0,Aman Gupta,,,2026-05-25,Maharashtra
Ethera,Consumer Goods > Fashion Accessories,Seed,2750000.0,BlueStone,,,2026-05-25,Karnataka
The Artment,Consumer Goods > Home Furnishing Products,Seed,1100000.0,Indian Angel Network,,,2026-05-25,Haryana
Bonkers Corner,Consumer Goods – Apparel,Angel,163000.0,Namita Thapar,,,2026-05-25,Maharashtra
Pronto,Consumer Services,Series B,45000000.0,Lachy Groom,,,2026-05-25,"Haryana, India"
Pronto,Consumer Services,Series B,45000000.0,Bain Capital Ventures,,,2026-05-25,"Haryana, India"
Indel Money,Consumer and SME Loans,Debt,11000000.0,Kotak Alternate Asset Managers,,,2026-05-25,Maharashtra
Namdev Finvest,Consumer and SME Loans,Debt,37000000.0,FMO,,,2026-05-25,Rajasthan
Wonder Home Finance,Consumer and SME Loans,PE,55000000.0,Growtheum Capital Partners,,,2026-05-25,Rajasthan
CAVA Athleisure,Consumer – Fashion Tech,Series A,4350000.0,Sharrp Ventures,,,2026-05-25,Karnataka
Gully Labs,Consumer – Fashion Tech,Angel,109000.0,Aman Gupta,,,2026-05-25,Uttar Pradesh
LearnTube,Continued Learning,Seed,,Indian Angel Network,,,2026-05-25,Maharashtra
Bolna,Customer Service Software,Seed,6300000.0,General Catalyst,,,2026-05-25,Karnataka
C-Zentrix,Customer Service Software,Seed,,Aroa Venture Partners,,,2026-05-25,Haryana
Ringg AI,Customer Service Software,Series A,5500000.0,Arkam Ventures,,,2026-05-25,Karnataka
CloudSEK,Cybersecurity,Series B,,Connecticut Innovations,,,2026-05-25,"Singapore,Karnataka"
Tsecond.ai,Defense Tech > AI Infrastructure,Series B,21500000.0,MSN Holdings,,,2026-05-25,Karnataka
Turiyam.ai,Developer of artificial general intelligence,Seed,4000000.0,Ankur Capital,,,2026-05-25,Karnataka
Atomgrid,Diversified Chemicals,Debt,,Trifecta Capital,,,2026-05-25,Karnataka
insideFPV,Drones,Seed,660000.0,Gujarat Venture Finance,,,2026-05-25,Gujarat
ONDC,E-Commerce,Series A,7320000.0,Zoho,,,2026-05-25,Delhi
RoadGrid,EV Charging Tech,Seed,1330000.0,Venture Catalysts,,,2026-05-25,Uttar Pradesh
Nprep,EdTech,Seed,1500000.0,Lumikai,,,2026-05-25,Rajasthan
Sarrthi IAS,EdTech,Seed,,Physics Wallah,,,2026-05-25,"Delhi, India"
TruScholar,EdTech (K-12 EdTech),Seed,,SucSEED Indovation,,,2026-05-25,Maharashtra
Tutorac Academy,EdTech - Test Preparation Tech,Seed,500000.0,Undisclosed,,,2026-05-25,Telangana
EventBeep,EdTech > Higher Education Tech,Seed,850000.0,Knowhere,,,2026-05-25,Maharashtra
Padhle,EdTech > K-12 EdTech,Seed,,Filadd,,,2026-05-25,"Madhya Pradesh, India"
SpEd@home,EdTech > K-12 EdTech,Grant,,Scitech Park,,,2026-05-25,Maharashtra
Zeromoblt,EdTech > K-12 EdTech,Seed,165000.0,Sandeep Varaganti,,,2026-05-25,Telangana
Skillre,EdTech > Test Preparation Tech,Seed,,Real Time Accelerator Fund,,,2026-05-25,Uttar Pradesh
Varthana,Education Finance,Debt,6000000.0,WaterEquity,,,2026-05-25,Karnataka
GreenCell Mobility,Electric Vehicles,Debt,,IFC,,,2026-05-25,Maharashtra
GreenCell Mobility,Electric Vehicles,Series C,89000000.0,IFC,,,2026-05-25,Maharashtra
Sensesemi,Embedded Systems,Seed,2700000.0,Piper Serica,,,2026-05-25,Karnataka
Roofsol Energy,Energy (Solar Energy),Series B,35600000.0,Undisclosed,,,2026-05-25,Maharashtra
OMC Power,Energy - Solar,Series C,17300000.0,Undisclosed,,,2026-05-25,Haryana
ReNew,Energy - Solar Energy,Post-IPO,95000000.0,LeapFrog Investments,,,2026-05-25,Haryana
Coulomb Litech,Energy > Energy Storage,Seed,2200000.0,Anikarth Ventures,,,2026-05-25,Maharashtra
e-TRNL Energy,Energy > Energy Storage,Seed,3020000.0,Indian Angel Network,,,2026-05-25,Karnataka
Pranos Fusion,Energy > Nuclear Energy,Seed,6800000.0,pi Ventures,,,2026-05-25,Karnataka
Aditya Birla Renewables,Energy > Solar Energy,PE,,Global Infrastructure Partners,,,2026-05-25,Maharashtra
GREW Solar,Energy > Solar Energy,Series D,116000000.0,Bay Capital,,,2026-05-25,Gujarat
Optimist,Energy Efficiency Tech,Seed,12000000.0,Accel,,,2026-05-25,Delhi
NewTrace,Energy Storage,Seed,6300000.0,HDFC Bank,,,2026-05-25,Karnataka
Aloe Ecell,Energy Storage Tech,Debt,110000.0,Recur Club,,,2026-05-25,Rajasthan
Aloe Ecell,Energy Storage Tech,Seed,276000.0,A Velumani,,,2026-05-25,Rajasthan
Chargeup,Energy Storage Tech,Seed,2400000.0,Indian Angel Network,,,2026-05-25,Delhi
MEINE Electric,Energy Storage Tech,Seed,750000.0,Antler,,,2026-05-25,Delhi
Polaris,Energy Tech (Smart Grid),Debt,80000000.0,British International Investment,,,2026-05-25,Rajasthan
Euler Motors,Energy Tech - Electric Vehicles,Series D,8119999.999999999,BlackSoil,,,2026-05-25,Delhi
Battery Smart,Energy Tech > EV,Debt,15000000.0,Mirova,,,2026-05-25,Delhi
Astranova Mobility,Energy Tech > Electric Vehicles,Series A,6490000.0,IvyCap Ventures,,,2026-05-25,Haryana
Bacancy Systems,Energy Tech > Electric Vehicles,Series A,4220000.0,Sabre Partners,,,2026-05-25,Gujarat
Battery Smart,Energy Tech > Electric Vehicles,Series B,7400000.0,Acacia Inclusion,,,2026-05-25,"Delhi, India"
Bounce Infinity,Energy Tech > Electric Vehicles,Series F,3900000.0,Accel,,,2026-05-25,Haryana
Euler Motors,Energy Tech > Electric Vehicles,Series E,47000000.0,Lightrock,,,2026-05-25,Delhi
Pluto Mobility,Energy Tech > Electric Vehicles,Seed,2000000.0,Version One Ventures,,,2026-05-25,Delhi
Zeno,Energy Tech > Electric Vehicles,Series A,25000000.0,Congruent Ventures,,,2026-05-25,"Karnataka, India"
Zeno,Energy Tech > Electric Vehicles,Debt,,Trifecta Capital,,,2026-05-25,"Karnataka, India"
Hycosys,Energy Tech > Energy Storage Tech,Seed,1000000.0,MountTech Growth Fund,,,2026-05-25,Karnataka
ThunderPlus,Energy Tech > Energy Storage Tech,Debt,327000.0,SBI,,,2026-05-25,"Telangana, India"
TruBoard,Energy Tech > Renewable Energy Tech,Seed,2200000.0,Earthfund,,,2026-05-25,Maharashtra
Kimbal,Energy Tech > Smart Grid,Series B,22000000.0,GEF Capital Partners,,,2026-05-25,Delhi
Vimag Labs,Energy Tech – Electric Vehicles,Series A,5000000.0,Accel,,,2026-05-25,Karnataka
Dreamfly Innovations,Energy Tech – Energy Storage Tech,Venture Debt,327000.0,SIDBI,,,2026-05-25,Karnataka
Dhiway,Enterprise Applications,Grant,,HDFC Bank,,,2026-05-25,Karnataka
Entitled,Enterprise Applications,Grant,,HDFC Bank,,,2026-05-25,Maharashtra
SCIkIQ,Enterprise Applications,Seed,1500000.0,Triton Investment Advisors,,,2026-05-25,Haryana
Vobiz,Enterprise Applications,Seed,1000000.0,Piper Serica,,,2026-05-25,"Karnataka, India"
Algo8,Enterprise Applications (Big Data Analytics),Seed,,Chemelex,,,2026-05-25,Uttar Pradesh
TraqCheck,Enterprise Applications (HRTech),Series A,8000000.0,IvyCap Ventures Advisors,,,2026-05-25,Delhi
Intellithink,Enterprise Applications (Manufacturing Tech),Seed,1820000.0,Pentathlon Ventures,,,2026-05-25,Tamil Nadu
GobbleCube,Enterprise Applications (Sales Force Automation),Series A,15000000.0,SIG Venture Capital,,,2026-05-25,Haryana
CometChat,Enterprise Applications - Customer Success,Series A,6500000.0,Run Ventures,,,2026-05-25,Maharashtra
Grapevine,Enterprise Applications - HRTech,Series B,4099999.9999999995,Kae Capital,,,2026-05-25,Karnataka
Bamboobox,Enterprise Applications - MarketingTech,Series A,6600000.0,Peak XV Partners,,,2026-05-25,Karnataka
Aerchain,Enterprise Applications - SCM Software,Series A,13000000.0,Pavestone Capital,,,2026-05-25,Karnataka
Samekar,Enterprise Applications > Business Process Management Software,Seed,5000000.0,CGB Capital,,,2026-05-25,Karnataka
Cheerio AI,Enterprise Applications > Customer Success Management,Seed,868000.0,Artha Venture Fund,,,2026-05-25,"Karnataka, India"
Rocketlane,Enterprise Applications > Enterprise Collaboration,Series C,60000000.0,Insight Partners,,,2026-05-25,"Delaware, Tamil Nadu"
IDfy,Enterprise Applications > GRC Software,Series F,24300000.0,Neo Asset Management,,,2026-05-25,Maharashtra
Amaha,Enterprise Applications > HRTech,Series A,5280000.0,Fireside Ventures,,,2026-05-25,Maharashtra
Atypical Advantage,Enterprise Applications > HRTech,Seed,290000.0,Next Bharat Ventures,,,2026-05-25,Jharkhand
Grapevine,Enterprise Applications > HRTech,Series A,,Peak XV Partners,,,2026-05-25,Karnataka
Kello,Enterprise Applications > HRTech,Seed,,Peak XV Partners,,,2026-05-25,Karnataka
PickMyWork,Enterprise Applications > HRTech,Angel,500000.0,Tim Draper,,,2026-05-25,Haryana
TimBuckDo,Enterprise Applications > HRTech,Seed,298000.0,Turbostart,,,2026-05-25,Karnataka
Lawyered,Enterprise Applications > Legal Tech,Seed,2500000.0,Rainmatter,,,2026-05-25,Haryana
DATOMS,Enterprise Applications > Manufacturing Tech,Series A,2760000.0,Big Capital JSC,,,2026-05-25,Karnataka
Grevoro,Enterprise Applications > Manufacturing Tech,Seed,4730000.0,Undisclosed,,,2026-05-25,Karnataka
Gushwork,Enterprise Applications > MarketingTech,Seed,9000000.0,SIG Venture Capital,,,2026-05-25,"Delaware, Karnataka"
Memfold,Enterprise Applications > MarketingTech,Seed,,Peak XV Partners,,,2026-05-25,-
Kris@Work,Enterprise Applications > Sales Force Automation,Seed,3000000.0,Info Edge Ventures,,,2026-05-25,Karnataka
Spotdraft Legal,Enterprise Applications – RPA,Series B,8000000.0,Qualcomm Ventures,,,2026-05-25,"New York, Karnataka"
Neysa,Enterprise Infrastructure > Cloud Infrastructure,Series B,600000000.0,TVS Capital Funds,,,2026-05-25,Maharashtra
Deep Algorithms,Enterprise Infrastructure > Cybersecurity,Seed,1710000.0,Unicorn India Ventures,,,2026-05-25,Telangana
Satark AI,Enterprise Infrastructure > Cybersecurity,Seed,,Infynno Solutions,,,2026-05-25,Gujarat
Nudgebee,Enterprise Infrastructure > IT Operations,Seed,3000000.0,Kalaari Capital,,,2026-05-25,Maharashtra
Boston Green,Environment - Waste & Water Management,PE,,Fort Point Capital,,,2026-05-25,-
Arya,Environment > Environment Consultancy Services,Seed,,Axis AMC,,,2026-05-25,Karnataka
Reneonix,Environment > Waste & Water Management,Seed,187000.0,Inflection Point Ventures,,,2026-05-25,Tamil Nadu
Earthsync,Environment Tech,Seed,1000000.0,Theia Ventures,,,2026-05-25,Rajasthan
Ecoil,Environment Tech,Series A,2500000.0,Fundalogical Ventures,,,2026-05-25,Rajasthan
Novorbis,Environment Tech > Air Pollution,Seed,1410000.0,Rainmatter,,,2026-05-25,Maharashtra
Prithu,Environment Tech > Air Pollution,Seed,1060000.0,Transition VC,,,2026-05-25,Haryana
Intrinsic Foundries,Environment Tech > Air Pollution Management Tech,Seed,1400000.0,Transition VC,,,2026-05-25,Jharkhand
Varaha,Environment Tech > Air Pollution Management Tech,Series B,2200000.0,Vaom Special Opportunity,,,2026-05-25,Haryana
DigitalPaani,Environment Tech > Water and Wastewater Management Tech,Seed,,AWE Funds,,,2026-05-25,Haryana
ScrapUncle,Environment Tech – Recycling,Seed,2400000.0,Orios Venture Partners,,,2026-05-25,Delhi
RCX Light,Event Management Services,Angel,10900.0,Aman Gupta,,,2026-05-25,Bihar
RCX Light,Event Management Services,Debt,43600.0,Aman Gupta,,,2026-05-25,Bihar
Kesari Awayddings,Events Tech,Debt,109000.0,Aman Gupta,,,2026-05-25,Goa
Kesari Awayddings,Events Tech,Angel,109000.0,Aman Gupta,,,2026-05-25,Goa
Escape Plan,Fashion Tech,Series A,25000000.0,Jungle Ventures,,,2026-05-25,Karnataka
Fiona Diamond,Fashion Tech,Seed,1930000.0,Recur Club,,,2026-05-25,Maharashtra
Gully Labs,Fashion Tech,Series A,3000000.0,Saama Capital,,,2026-05-25,Uttar Pradesh
Invogue Shop,Fashion Tech,Angel,221000.0,Aman Gupta,,,2026-05-25,Delhi
Krvvy,Fashion Tech,Angel,133000.0,Namita Thapar,,,2026-05-25,Uttar Pradesh
ONYC,Fashion Tech,Debt,164000.0,Recur Club,,,2026-05-25,Haryana
ONYC,Fashion Tech,Seed,378000.0,Recur Club,,,2026-05-25,Haryana
Taasha Craft,Fashion Tech,Angel,83000.0,Aman Gupta,,,2026-05-25,Gujarat
Trisu,Fashion Tech,Angel,115000.0,Ankur Mittal,,,2026-05-25,Haryana
ZILO,Fashion Tech,Series A,15300000.0,Peak XV Partners,,,2026-05-25,Maharashtra
ALT,FinTech,Seed,664000.0,Nila Spaces,,,2026-05-25,Karnataka
Ecofy,FinTech,Debt,15000000.0,Mirova,,,2026-05-25,"Maharashtra, India"
Ecofy,FinTech,Debt,15000000.0,FMO,,,2026-05-25,"Maharashtra, India"
FinSpring,FinTech,Seed,,VideoCX,,,2026-05-25,Karnataka
Finsall,FinTech,Grant,,HDFC Bank,,,2026-05-25,Karnataka
Inka Insurance,FinTech,Grant,,HDFC Bank,,,2026-05-25,Rajasthan
Lark Finserv,FinTech,Grant,,HDFC Bank,,,2026-05-25,Uttar Pradesh
Saventh,FinTech,Grant,,HDFC Bank,,,2026-05-25,Maharashtra
ValuEnable,FinTech,Grant,,HDFC Bank,,,2026-05-25,Maharashtra
Xaults,FinTech,Grant,,HDFC Bank,,,2026-05-25,Karnataka
BlackSoil,FinTech - Alternative Lending,Debt,22000000.0,Impact Fund Denmark,,,2026-05-25,Maharashtra
Credilio,FinTech - Alternative Lending,Series A,3300000.0,Cornerstone Ventures,,,2026-05-25,Maharashtra
Ecofy,FinTech - Alternative Lending,Series B,42000000.0,British International Investment,,,2026-05-25,Maharashtra
Finfinity,FinTech - Alternative Lending,Seed,2400000.0,Mankind Pharma Family Office,,,2026-05-25,Maharashtra
Atlas,FinTech > Accounting Tech,Seed,6000000.0,Accel,,,2026-05-25,Karnataka
Dugar Finance,FinTech > Alternative Lending,Seed,5000000.0,Hegdinvst,,,2026-05-25,Tamil Nadu
Dugar Finance,FinTech > Alternative Lending,Seed,5000000.0,Symbiotics Group,,,2026-05-25,Tamil Nadu
Exponent One,FinTech > Alternative Lending,Seed,2000000.0,AdvantEdge,,,2026-05-25,Karnataka
FREED,FinTech > Alternative Lending,Series A,6600000.0,Aavishkaar Capital,,,2026-05-25,Haryana
Indifi,FinTech > Alternative Lending,Debt,4220000.0,BlackSoil,,,2026-05-25,Haryana
KreditBee,FinTech > Alternative Lending,Series E,220000000.0,Motilal Oswal,,,2026-05-25,Karnataka
Oolka,FinTech > Alternative Lending,Series A,14000000.0,Accel,,,2026-05-25,Karnataka
Roopya,FinTech > Alternative Lending,Seed,439000.0,Inflection Point Ventures,,,2026-05-25,Haryana
StrideOne,FinTech > Alternative Lending,Series B,11000000.0,Matrix,,,2026-05-25,"Haryana, India"
StrideOne,FinTech > Alternative Lending,Debt,,Matrix,,,2026-05-25,"Haryana, India"
True Balance,FinTech > Alternative Lending,Debt,10000000.0,Northern Arc Capital,,,2026-05-25,"Haryana, India"
CredResolve,FinTech > Banking Tech,Seed,,Merak Ventures,,,2026-05-25,Haryana
CredResolve,FinTech > Banking Tech,Seed,,PedalStart,,,2026-05-25,Haryana
Sign3,FinTech > Banking Tech,Seed,1500000.0,Cedar Hill Capital (formerly Cedar-IBSi Capital),,,2026-05-25,Haryana
Uncia,FinTech > Banking Tech,Seed,3000000.0,Pavestone Capital,,,2026-05-25,Tamil Nadu
CotoPay,FinTech > Finance & Accounting Tech,Angel,82800.0,Anupam Mittal,,,2026-05-25,Delhi
Bachatt,FinTech > Investment Tech,Series A,12000000.0,Accel,,,2026-05-25,Delhi
Bachatt,FinTech > Investment Tech,Series A,12000000.0,Lightspeed Venture Partners,,,2026-05-25,Delhi
ILIOS 72 Alternative Capital,FinTech > Investment Tech,Seed,215000.0,Undisclosed,,,2026-05-25,Haryana
Sahi,FinTech > Investment Tech,Series B,33000000.0,Accel,,,2026-05-25,Karnataka
Stable Money,FinTech > Investment Tech,Series B,25000000.0,Peak XV Partners,,,2026-05-25,Karnataka
Zanskar,FinTech > Investment Tech,Seed,2700000.0,BlackSoil,,,2026-05-25,Karnataka
7 Ring,FinTech > Payments,Seed,,Shivam Malhotra,,,2026-05-25,Maharashtra
BharatPe,FinTech > Payments,Debt,10000000.0,RevX Capital,,,2026-05-25,"Haryana, India"
Novio,FinTech > Payments,Venture Debt,2440000.0,Innoven Capital,,,2026-05-25,Maharashtra
Novio,FinTech > Payments,Series A,8279999.999999999,Cornerstone Ventures,,,2026-05-25,Maharashtra
Orbit Wallet,FinTech > Payments,Angel,65600.0,100X.VC,,,2026-05-25,"Karnataka, India"
ToneTag,FinTech > Payments,Series B,5000000.0,Qualcomm Ventures,,,2026-05-25,Karnataka
Navanc,FinTech > RegTech,Seed,586000.0,Equentis Wealth Advisory Services,,,2026-05-25,Karnataka
Navanc,FinTech > RegTech,Seed,586000.0,QED Innovation Labs,,,2026-05-25,Karnataka
Easy Home Finance,FinTech – Alternative Lending,Series C,30000000.0,Investcorp,,,2026-05-25,Maharashtra
Olyv,Financial Services,Series C,23000000.0,Fundamentum,,,2026-05-25,Karnataka
PropLegit,Financial Services,Grant,,HDFC Bank,,,2026-05-25,Gujarat
Steadfast Consultants,Financial Services,Seed,,Raju Menon,,,2026-05-25,Telangana
Neo Group,Financial Services - Asset Management,PE,53700000.0,TVS Capital Funds,,,2026-05-25,Maharashtra
Svasti,Financial Services - Microfinance,Debt,,Abler Nordic,,,2026-05-25,Tamil Nadu
Svasti,Financial Services - Microfinance,Series C,5140000.0,Abler Nordic,,,2026-05-25,Tamil Nadu
Optimo Capital,Financial Services - SME Loans,Debt,10800000.0,Punjab National Bank,,,2026-05-25,Karnataka
Moneyboxx,Financial Services > Consumer and SME Loans,Post-IPO,3630000.0,Caspian Debt,,,2026-05-25,"Maharashtra, India"
Annapurna Finance,Financial Services > Microfinance,Debt,100000000.0,Undisclosed,,,2026-05-25,Odisha
Sindhuja Microcredit,Financial Services > Microfinance,Series C,5000000.0,Abler Nordic,,,2026-05-25,"Bihar, India"
Sindhuja Microcredit,Financial Services > Microfinance,Series C,5000000.0,Carpediem Capital,,,2026-05-25,"Bihar, India"
Metafin,Financial Services > Service Providers to Banks,Debt,10000000.0,Lendable,,,2026-05-25,Maharashtra
Dhun Wellness,Fitness and Wellness Centers,Series A,4000000.0,SRF,,,2026-05-25,Maharashtra
KSKT,Food & AgriTech - Online Grocery,Seed,1000000.0,Hindustan Media Ventures,,,2026-05-25,Haryana
Pluckk,Food & AgriTech > Online Grocery,Series A,10800000.0,Euro Gulf Investments,,,2026-05-25,Maharashtra
KisaanSay,Food & Agriculture,Series A,3650000.0,NABVENTURES,,,2026-05-25,Haryana
Cohoma Coffee,Food & Agriculture (F&B Products),Seed,536000.0,Inflection Point Ventures,,,2026-05-25,Uttar Pradesh
Hocco,Food & Agriculture (Food Service Chains),Series C,10700000.0,Sauce,,,2026-05-25,Gujarat
Barneys,Food & Agriculture > Alcoholic Beverage Products,Seed,,TCA,,,2026-05-25,Goa
FRUBON,Food & Agriculture > Food & Beverage,Series B,,Fireside Ventures,,,2026-05-25,Rajasthan
Rosier Foods,Food & Agriculture > Food & Beverage,Seed,,SailThru Ventures,,,2026-05-25,Delhi
Trimex Foods,Food & Agriculture > Food Service,PE,40000000.0,Siguler Guff,,,2026-05-25,Delhi
House of Biryan,Food & Agriculture Tech > Food Tech,Angel,,Amol Parashar,,,2026-05-25,Maharashtra
Mama Nourish,Food & Agriculture Tech > Online Grocery,Angel,221000.0,Aman Gupta,,,2026-05-25,Maharashtra
Wingreens World,Food & Agriculture Tech > Online Grocery,Series D,12600000.0,Alchemy Capital Management,,,2026-05-25,"Haryana, India"
Wingreens World,Food & Agriculture Tech > Online Grocery,Series D,12600000.0,Anicut Capital,,,2026-05-25,"Haryana, India"
Awsum,Food & Beverage,Angel,109000.0,Namita Thapar,,,2026-05-25,Uttar Pradesh
Bombay Banta,Food & Beverage,Seed,836000.0,DSG Consumer Partners,,,2026-05-25,Haryana
CHINI KUM,Food & Beverage,Angel,111000.0,Varun Sachdeva,,,2026-05-25,Uttar Pradesh
Fulva,Food & Beverage,Angel,,Aman Gupta,,,2026-05-25,Kerala
Good Monk,Food & Beverage,Seed,3650000.0,RPSG Capital Ventures,,,2026-05-25,Karnataka
MOI SOI,Food & Beverage,Seed,,Gujarat Venture Finance,,,2026-05-25,Maharashtra
The Sweet Change,Food & Beverage,Seed,73200.0,Indian Angel Network,,,2026-05-25,Delhi
Woodsmen Mountain Whiskey,Food & Beverage - Alcohol,Series A,1190000.0,DA Group,,,2026-05-25,Delhi
Drickle,Food & Beverage Products,Seed,55400.0,Shaili Chopra,,,2026-05-25,Karnataka
Stroom,Food & Beverage Products,Angel,110000.0,Vineeta Singh,,,2026-05-25,Gujarat
GoOAT,Food & Nutrition,Seed,177000.0,D2C Insider,,,2026-05-25,Rajasthan
OneKiraana,Food Packaging,Seed,1600000.0,Ankur Capital,,,2026-05-25,Maharashtra
Basil,Food Service,Seed,1500000.0,Whiteboard Capital,,,2026-05-25,Delhi
33&Brew,Food Service Chains,Series A,2200000.0,Optimistic Capital,,,2026-05-25,Karnataka
Babai Tiffins,Food Service Chains,Venture Debt,273000.0,Recur Club,,,2026-05-25,Karnataka
Babai Tiffins,Food Service Chains,Seed,872000.0,Warmup Ventures,,,2026-05-25,Karnataka
Burger Singh,Food Service Chains,Series B,9000000.0,Artal Asia,,,2026-05-25,Haryana
Dil Foods,Food Tech,Series B,7700000.0,V3 Ventures,,,2026-05-25,Karnataka
Agrow Allied,Food and Agriculture > Crop Inputs,Series B,20000000.0,ICICI Venture,,,2026-05-25,Haryana
HURL,Food and Agriculture > Crop Inputs,Debt,1370000000.0,IRFC,,,2026-05-25,Delhi
Awsum,Food and Agriculture > Food & Beverage Products,Angel,53300.0,Ritesh Agarwal,,,2026-05-25,Uttar Pradesh
Azista,Food and Agriculture > Food & Beverage Products,Grant,551000.0,IN-SPACe,,,2026-05-25,Telangana
CurryIt,Food and Agriculture > Food & Beverage Products,Angel,165000.0,Mohit Yadav,,,2026-05-25,Delhi
Land of Cakes,Food and Agriculture > Food & Beverage Products,Angel,109000.0,Anupam Mittal,,,2026-05-25,"West Bengal, India"
Slurrp Farm,Food and Agriculture > Food & Beverage Products,Series C,3300000.0,Scarlet Ventures,,,2026-05-25,Delhi
Burma Burma,Food and Agriculture > Food Service Chains,Series A,4000000.0,Negen Capital PMS,,,2026-05-25,Maharashtra
Culinary Brands,Food and Agriculture > Food Service Chains,Series B,15000000.0,Playbook Partners,,,2026-05-25,Maharashtra
Acai Theory,Food and Agriculture > Restaurants,Seed,430000.0,All In Capital,,,2026-05-25,Karnataka
Aquapulse,Food and Agriculture Tech > Aquaculture Tech,Series A,2680000.0,NABVENTURES,,,2026-05-25,Odisha
Aquapulse,Food and Agriculture Tech > Aquaculture Tech,Series A,2680000.0,Caspian Debt,,,2026-05-25,Odisha
Pehle Jaisa,Food and Agriculture Tech > Crop Tech,Seed,1270000.0,Unicorn India Ventures,,,2026-05-25,Haryana
SoilSens,Food and Agriculture Tech > Crop Tech,Angel,26700.0,Vineeta Singh,,,2026-05-25,Maharashtra
Digitory,Food and Agriculture Tech > Food Tech,Seed,500000.0,Tejas Paresh Lodaya,,,2026-05-25,Karnataka
InfinityBox,Food and Agriculture Tech > Food Tech,Seed,1530000.0,Rainmatter,,,2026-05-25,"Karnataka, India"
Swish,Food and Agriculture Tech > Food Tech,Series B,38000000.0,Haraglobalcap,,,2026-05-25,Karnataka
TenderCuts,Food and Agriculture Tech > Livestock Tech,Debt,2000000.0,NS Trading,,,2026-05-25,Tamil Nadu
TenderCuts,Food and Agriculture Tech > Livestock Tech,Debt,2000000.0,Investments,,,2026-05-25,Tamil Nadu
Dam Good Fish,Food and Agriculture Tech > Online Grocery,Seed,,Undisclosed,,,2026-05-25,Haryana
Elixiir Foods,Food and Agriculture Tech > Online Grocery,Seed,9000000.0,3one4 Capital,,,2026-05-25,Haryana
Peping,Food and Agriculture Tech > Online Grocery,Seed,271000.0,Indian Angel Network,,,2026-05-25,"Karnataka, India"
ZOFF Foods,Food and Agriculture Tech > Online Grocery,Series A,2000000.0,JM Financial Private Equity,,,2026-05-25,"Chhattisgarh, India"
KILRR,FoodTech,Angel,110000.0,Anupam Mittal,,,2026-05-25,Maharashtra
The Whole Truth Foods,FoodTech,Series D,,Sofina,,,2026-05-25,Maharashtra
Arckon Arts,Gaming,Grant,10000.0,LVL Zero Incubator,,,2026-05-25,Tamil Nadu
Kyrel,Gaming,Grant,10000.0,LVL Zero Incubator,,,2026-05-25,Uttar Pradesh
Rudrac,Gaming,Grant,10000.0,LVL Zero Incubator,,,2026-05-25,Telangana
Xigma Games,Gaming,Grant,10000.0,LVL Zero Incubator,,,2026-05-25,Karnataka
YK Game Studio,Gaming,Grant,10000.0,LVL Zero Incubator,,,2026-05-25,Delhi
LightFury Games,Gaming > PC & Console Gaming,Seed,11000000.0,Blume Venture,,,2026-05-25,Karnataka
Liquidnitro Games,Gaming Services,Series A,19100000.0,Nexus Venture Partners,,,2026-05-25,Telangana
JobsUPI,HRTech,Seed,250000.0,IIMA Ventures,,,2026-05-25,"Haryana, India"
Kovon,HRTech,Seed,250000.0,TDV Partners,,,2026-05-25,Karnataka
Xoxoday,HRTech,Series C,,Apis Partners,,,2026-05-25,Karnataka
Elevate Now,HealthTech,Seed,1990000.0,Physis Capital,,,2026-05-25,Delhi
HyugaLife,HealthTech,Series A,10600000.0,IvyCap Ventures,,,2026-05-25,Maharashtra
Mosaic Wellness,HealthTech,Series B,21700000.0,360 One,,,2026-05-25,Maharashtra
XCaliber,HealthTech,Seed,6500000.0,ManchesterStory Group,,,2026-05-25,"Massachusetts, USA / Karnataka, India"
Ivory,HealthTech (Disease Self Management),Seed,1000000.0,Draper,,,2026-05-25,Maharashtra
Healync,HealthTech (Healthcare IT),Seed,,Volrado Venture Partners,,,2026-05-25,West Bengal
Mave Health,HealthTech - Disease Management,Seed,2100000.0,Blume Venture,,,2026-05-25,Karnataka
Cult.fit,HealthTech - Fitness & Wellness,Series F,47000000.0,Temasek,,,2026-05-25,Karnataka
Dextroware Devices,HealthTech > Assistive Tech,Grant,,Saksham,,,2026-05-25,Tamil Nadu
Glovatrix,HealthTech > Assistive Tech,Grant,,Saksham,,,2026-05-25,Maharashtra
Crink,HealthTech > Disease Self Management,Seed,199000.0,Kerala Startup Mission,,,2026-05-25,Kerala
Litemed,HealthTech > Disease Self Management,Seed,2210000.0,V3 Ventures,,,2026-05-25,Telangana
BeastLife,HealthTech > Fitness & Wellness Tech,Seed,2130000.0,Gujarat Venture Finance,,,2026-05-25,Haryana
CureMeAbroad,HealthTech > Healthcare Booking Platforms,Seed,600000.0,Roman Saini,,,2026-05-25,Maharashtra
Care.fi,HealthTech > Healthcare IT,Series A,5000000.0,July Ventures,,,2026-05-25,Haryana
Care.fi,HealthTech > Healthcare IT,Debt,3000000.0,Trifecta Capital,,,2026-05-25,Haryana
Cent,HealthTech > Healthcare IT,Seed,5000000.0,OneFlow Holdings,,,2026-05-25,"Karnataka, India"
Gabify,HealthTech > Healthcare IT,Seed,175000.0,Inflection Point Ventures,,,2026-05-25,Uttar Pradesh
Gabify,HealthTech > Healthcare IT,Grant,26800.0,GHRTBIF,,,2026-05-25,Uttar Pradesh
Lifesigns,HealthTech > Healthcare IT,Seed,,HealthQuad,,,2026-05-25,"Tamil Nadu, India"
Lifesigns,HealthTech > Healthcare IT,Seed,,Subramaniam Ganesan,,,2026-05-25,"Tamil Nadu, India"
Peptris,HealthTech > Life Sciences Tech,Series A,7720000.0,Speciale Invest,,,2026-05-25,Karnataka
Preventify,Healthcare,Seed,221000.0,PedalStart,,,2026-05-25,Kerala
Apothecon Pharmaceuticals,Healthcare (Traditional Pharmaceuticals),PE,270000000.0,Everstone Capital,,,2026-05-25,Gujarat
OnCare,Healthcare > Clinic Chains,Series A,2970000.0,Sky Impact Capital,,,2026-05-25,Haryana
Gut Clinic & Endoscopy Centre,Healthcare > Clinics,Seed,1000000.0,Amitoj Singh,,,2026-05-25,Delhi
Maity,Healthcare > Home Healthcare,Angel,,Favcy Venture Builders,,,2026-05-25,West Bengal
Pulse,Healthcare > Medical Device Outsourcing,Seed,4000000.0,3one4 Capital,,,2026-05-25,Karnataka
Rivarp Medical,Healthcare > Medical Devices,Seed,,Futura Surgicare,,,2026-05-25,Karnataka
Sahayatha,Healthcare > Medical Devices,Grant,,Saksham,,,2026-05-25,Tamil Nadu
Pragyan Child Development Centre,Healthcare > Rehabilitation and Long-Term Care,Angel,53400.0,Mohit Yadav,,,2026-05-25,Karnataka
Pragyan Child Development Centre,Healthcare > Rehabilitation and Long-Term Care,Angel,110000.0,Namita Thapar,,,2026-05-25,Karnataka
Elmed Probiotics,Healthcare > Traditional Nutraceuticals,Seed,2700000.0,NABVENTURES,,,2026-05-25,Telangana
Pinky Promise,Healthcare Booking Platforms,Seed,1000000.0,Rebalance,,,2026-05-25,Maharashtra
OSSO,Healthcare Clinics,Seed,443000.0,Haldirams Family Office,,,2026-05-25,Haryana
PinSec,High Tech,Seed,525000.0,Undisclosed,,,2026-05-25,"Tamil Nadu, India"
Aliste,High Tech (Smart Homes),Seed,3210000.0,BIG Global Investments JSC,,,2026-05-25,Uttar Pradesh
Kyvex,High Tech - AI Infrastructure,Angel,,Vaibhav Arora,,,2026-05-25,Telangana
Ctruh,High Tech - AR/Metaverse,Angel,109000.0,Anupam Mittal,,,2026-05-25,Karnataka
AGNIT Semiconductors,High Tech - Advanced Materials,Seed,2600000.0,Shastra,,,2026-05-25,Karnataka
IG Defence,High Tech - Drones,Seed,5000000.0,India Accelerator,,,2026-05-25,Uttar Pradesh
Mayson,High Tech - Generative AI,Seed,,Undisclosed,,,2026-05-25,Uttar Pradesh
Workroom,High Tech - IoT Applications,Seed,661000.0,Equirus Wealth,,,2026-05-25,-
Persistence,High Tech - Speech & Voice Recognition,Seed,2000000.0,AI Futures Fund,,,2026-05-25,Maharashtra
Constems-AI,High Tech - Surveillance,Seed,2000000.0,Finvolve,,,2026-05-25,Uttar Pradesh
Cluster Protocol,High Tech > AI Infrastructure,Series A,5000000.0,dao5,,,2026-05-25,Delhi
Nava,High Tech > AI Infrastructure,Series A,22000000.0,Greenoaks,,,2026-05-25,Karnataka
OptoMl,High Tech > AI Infrastructure,Seed,1800000.0,Bluehill VC,,,2026-05-25,"Singapore, Karnataka"
Portkey,High Tech > AI Infrastructure,Series A,15000000.0,Elevation Capital,,,2026-05-25,California
Ukhi,High Tech > Advanced Materials,Seed,1160000.0,Venture Catalysts,,,2026-05-25,Haryana
Heizen,High Tech > Agentic AI,Angel,99000.0,Amit Jain,,,2026-05-25,Telangana
Myelin Foundry,High Tech > Agentic AI,Series B,5270000.0,ASM Technologies,,,2026-05-25,Karnataka
Ctruh,High Tech > Augmented Reality,Seed,2500000.0,Inflection Point Ventures,,,2026-05-25,Karnataka
Companion Labs,High Tech > Chatbots,Seed,,Peak XV Partners,,,2026-05-25,Maharashtra
Nurix,High Tech > Chatbots,Series A,,Prosus,,,2026-05-25,"California, USA / Karnataka, India"
Apollyon Dynamics,High Tech > Drones,Seed,421000.0,Naandi Ventures,,,2026-05-25,"Telangana, India"
Apollyon Dynamics,High Tech > Drones,Seed,421000.0,DST,,,2026-05-25,"Telangana, India"
Angoor AI,High Tech > Generative AI,Seed,215000.0,Uday Sodhi,,,2026-05-25,Karnataka
Gnani.ai,High Tech > Generative AI,Series B,7180000.0,Aavishkaar Capital,,,2026-05-25,Karnataka
H2LooP.ai,High Tech > Generative AI,Seed,2000000.0,Speciale Invest,,,2026-05-25,Karnataka
Ubiqedge,High Tech > IoT Infrastructure,Seed,1050000.0,Piper Serica,,,2026-05-25,Maharashtra
Articulus Surgical,High Tech > Professional Service Robots,Seed,,Kalaari Capital,,,2026-05-25,Karnataka
Alphadroid,High Tech > Robotics,Seed,3800000.0,Alkemi Growth Capital,,,2026-05-25,"Uttar Pradesh, India"
Aurm,High Tech > Security & Surveillance,Series A,4420000.0,Earthfund,,,2026-05-25,Karnataka
CoreShield,High Tech > Security & Surveillance Technology,Seed,,ThinKuvate,,,2026-05-25,Delhi
SatLeo Labs,High Tech > Security & Surveillance Technology,Seed,2200000.0,Unicorn India Ventures,,,2026-05-25,Gujarat
SatLeo Labs,High Tech > Security & Surveillance Technology,Seed,2200000.0,PointOne Capital,,,2026-05-25,Gujarat
Statiq,High Tech > Smart Cities,Debt,,Undisclosed,,,2026-05-25,Haryana
Statiq,High Tech > Smart Cities,Series A,18000000.0,Tenacity Ventures,,,2026-05-25,Haryana
Temple,High Tech > Wearable Technology,Seed,54000000.0,Steadview,,,2026-05-25,Delhi
Entellus,High Tech – Advanced Materials,Series A,5500000.0,ZeroW,,,2026-05-25,Tamil Nadu
OneARVO Ventures,High Tech – Computer Vision,Seed,134000.0,Inflection Point Ventures,,,2026-05-25,Uttar Pradesh
Emversity,Higher Education Tech,Series A,30000000.0,Premji Invest,,,2026-05-25,Karnataka
Awenest,Home Care E-commerce,Angel,75800.0,Viraj Bahl,,,2026-05-25,Maharashtra
Caredale,Home Furnishing Products,Seed,165000.0,ajvc,,,2026-05-25,-
Material Depot,Home Improvement,Series A,10000000.0,Accel,,,2026-05-25,Karnataka
ProjectStudio,Home Improvement Tech,Seed,,Modulor Capital,,,2026-05-25,Haryana
Surya Hospitals,Hospital Chains,PE,,Novo Holdings,,,2026-05-25,Maharashtra
Gati Drives,Industrial Automation Equipment,Seed,,Campus Fund,,,2026-05-25,Gujarat
stch,Industrial Goods and Manufacturing > Contract Manufacturers,Seed,5500000.0,Omnivore,,,2026-05-25,Karnataka
SFO Technologies,Industrial Goods and Manufacturing > Manufacturing Services,PE,82000000.0,Trident Growth Partners,,,2026-05-25,Kerala
JJG Machining Group,Industrial Manufacturing,Series B,30000000.0,Norwest,,,2026-05-25,Karnataka
Bidso,Industrial Manufacturing - Contract Manufacturers,Venture Debt,1280000.0,Alteria Capital,,,2026-05-25,Karnataka
Bidso,Industrial Manufacturing - Contract Manufacturers,Series A,5440000.0,Blume Venture,,,2026-05-25,Karnataka
Veera,Internet Browsers,Seed,4000000.0,Titan,,,2026-05-25,Haryana
Super Living,Internet First Media,Seed,2000000.0,Kae Capital,,,2026-05-25,Maharashtra
GrowthPal,Investment Banks,Series A,2600000.0,Ideaspring Capital,,,2026-05-25,Maharashtra
AssetPlus,Investment Tech,Series B,19300000.0,Nexus Venture Partners,,,2026-05-25,Tamil Nadu
Wint Wealth,Investment Tech,Series B,28000000.0,Vertex Ventures,,,2026-05-25,Karnataka
Jurisphere,Legal Tech,Seed,2200000.0,Info Edge Ventures,,,2026-05-25,"Uttar Pradesh, India"
Cellogen Therapeutics,Life Sciences,Series A,2000000.0,Kotak Alternate Asset Managers,,,2026-05-25,Delhi
Nowound,Life Sciences,Seed,1910000.0,Alkemi Growth Capital,,,2026-05-25,"Haryana, India"
Nowound,Life Sciences,Seed,1910000.0,4point0,,,2026-05-25,"Haryana, India"
Rymo Technologies,Life Sciences - Orthopedics,Seed,1080000.0,Indian Angel Network,,,2026-05-25,Maharashtra
RehabVeda,Life Sciences > Neurology,Angel,110000.0,Mohit Yadav,,,2026-05-25,Gujarat
Fullife,Life Sciences > Nutraceuticals Tech,Series D,32000000.0,Elev8,,,2026-05-25,Maharashtra
Zeroharm,Life Sciences > Nutraceuticals Tech,Series A,4410000.0,Kotak Life Sciences Fund I,,,2026-05-25,Telangana
The Stack,Life Sciences – Nutraceuticals,Seed,600000.0,OTP Ventures,,,2026-05-25,Karnataka
4baseCare,Life Sciences – Oncology,Series B,9820000.0,Yali Capital,,,2026-05-25,"Karnataka, Dubai"
Verdant Impact,Livestock Tech,Seed,3000000.0,Unicorn India Ventures,,,2026-05-25,Rajasthan
Dazzl,Local Services,Seed,3200000.0,Stellaris Venture Partners,,,2026-05-25,Karnataka
Instafix,Local Services,Seed,789000.0,Titan Capital,,,2026-05-25,Haryana
Edgistify,Logistics Tech,Seed,1400000.0,NB Ventures,,,2026-05-25,Maharashtra
Hexalog,Logistics Tech,Seed,4000000.0,Enrission India Capital,,,2026-05-25,Delhi
Mojro,Logistics Tech,Series A,2500000.0,Dallas Venture Capital,,,2026-05-25,Karnataka
RidEV,Logistics Tech,Debt,551000.0,Kunal Bahl,,,2026-05-25,Telangana
RidEV,Logistics Tech,Angel,110000.0,Kunal Bahl,,,2026-05-25,Telangana
Skye Air,Logistics Tech,Series B,4000000.0,Indian Angel Network,,,2026-05-25,Haryana
JS Auto Cast Foundry,Manufacturing,PE,32799999.999999996,Premji Invest,,,2026-05-25,Tamil Nadu
Jaincord,Manufacturing,Series A,22100000.0,Indroma Ventures,,,2026-05-25,—
EyeROV,Maritime Tech,Seed,1440000.0,AWE Funds,,,2026-05-25,Kerala
Vikra Ocean Tech,Maritime Tech,Seed,1000000.0,Finvolve,,,2026-05-25,Tamil Nadu
Mindcase,MarketingTech,Seed,164000.0,ajvc,,,2026-05-25,Gujarat
Sportvot,Media & Entertainment > OTT,Series A,3460000.0,Indian Angel Network,,,2026-05-25,Maharashtra
EndureAir,Military Tech,Series A,,Sagar Defence Engineering,,,2026-05-25,Uttar Pradesh
Spill Games,Mobile > Mobile Gaming,Seed,3100000.0,PeerCapital,,,2026-05-25,Karnataka
Namma Yatri,Mobility Tech,Seed,4400000.0,Blume Ventures,,,2026-05-25,Karnataka
CraftifAI,Native AI > Artificial Intelligence,Seed,3000000.0,Ankur Capital,,,2026-05-25,Karnataka
Fire AI,Natural Language Processing,Seed,682000.0,SucSEED Indovation,,,2026-05-25,Maharashtra
xStep,Neurology,Angel,111000.0,Kunal Bahl,,,2026-05-25,Karnataka
Sahamati,Nonprofits > Foundations,Series A,5290000.0,State Bank of India,,,2026-05-25,Karnataka
MiniPIX,OTT / Media,Seed,267000.0,PedalStart,,,2026-05-25,Karnataka
MYPB,Online Grocery,Angel,77600.0,Varun Alagh,,,2026-05-25,Gujarat
Troovy,Online Grocery,Series A,5000000.0,Fireside Ventures,,,2026-05-25,Haryana
FreshToHome,Online Meat & Seafood,Debt,8500000.0,Trifecta Capital,,,2026-05-25,Karnataka
TravClan,Online Travel,Seed,,August One,,,2026-05-25,Delhi
WanderOn,Online Travel,Series A,5940000.0,DSG Consumer Partners,,,2026-05-25,Haryana
Zerocircle,Packaging Tech,Seed,546000.0,3one4 Capital,,,2026-05-25,Maharashtra
Juspay,Payments,Series D,,WestBridge Capital,,,2026-05-25,Karnataka
Dr Doodley,Pet Tech,Seed,2210000.0,V3 Ventures,,,2026-05-25,Karnataka
Dr Doodley,Pet Tech,Debt,1110000.0,V3 Ventures,,,2026-05-25,Karnataka
Nootie,Pet Tech,Angel,111000.0,Namita Thapar,,,2026-05-25,Delhi
Natturz,Plant-based Dairy,Seed,1000000.0,35North Ventures,,,2026-05-25,Delhi
AGI Infra,Real Estate,Post-IPO,8119999.999999999,Craft Emerging Market Fund,,,2026-05-25,Punjab
Hero Realty,Real Estate & Construction,Debt,127000000.0,IndusInd Bank,,,2026-05-25,"Delhi, India"
HomeRun,Real Estate & Construction Tech > Construction Tech,Series A,6600000.0,Sorin,,,2026-05-25,Karnataka
Kelvin6k,Real Estate & Construction Tech > Construction Tech,Angel,110000.0,Ritesh Agarwal,,,2026-05-25,Tamil Nadu
Weaver,Real Estate - Affordable Housing,Unattributed,156000000.0,Premji Invest,,,2026-05-25,Maharashtra
PropertyPistol Realty,Real Estate IT,Series A,2730000.0,Ashish Kacholia,,,2026-05-25,Maharashtra
Flent,Real Estate Tech,Debt,444000.0,Incubate Fund India,,,2026-05-25,Karnataka
Flent,Real Estate Tech,Seed,1890000.0,Incubate Fund India,,,2026-05-25,Karnataka
Mahagun Group,Real Estate and Construction > Real Estate & Infrastructure Developers,Debt,24000000.0,CSL Finance,,,2026-05-25,Uttar Pradesh
Mtandt,Real Estate and Construction Tech > Construction Tech,Series A,10600000.0,ValueQuest,,,2026-05-25,Tamil Nadu
Proxgy,Real Estate and Construction Tech > Construction Tech,Angel,213000.0,Culture Cap,,,2026-05-25,Haryana
Spintly,Real Estate and Construction Tech > Facility Management Tech,Series A,8000000.0,Accel,,,2026-05-25,"California, Goa"
Sukino,Rehabilitation & Long-Term Care,Series B,31000000.0,Bessemer Venture Partners,,,2026-05-25,Karnataka
Japam,Religion Tech,Angel,166000.0,Namita Thapar,,,2026-05-25,Punjab
Aerem,Renewable Energy Tech,Series A,15000000.0,SMBC Asia Rising Fund,,,2026-05-25,Maharashtra
GreenTech,Renewable Energy Tech,Seed,3330000.0,Transition VC,,,2026-05-25,Tamil Nadu
GreenTech,Renewable Energy Tech,Debt,,Transition VC,,,2026-05-25,Tamil Nadu
Truva,Residential Real Estate Tech,Venture Debt,1700000.0,Stride Ventures,,,2026-05-25,Maharashtra
Gubbachhi,Retail,Seed,158000.0,D2C Insider,,,2026-05-25,"Karnataka, India"
Legend of Toys,Retail,Seed,2190000.0,Singularity AMC,,,2026-05-25,Karnataka
The EleFant,Retail,Seed,1000000.0,Growth Sense,,,2026-05-25,Maharashtra
Laani,Retail - Beauty Tech,Seed,984000.0,V3 Ventures,,,2026-05-25,Gujarat
Mannlich,Retail - Beauty Tech,Seed,294000.0,BeyondSeed,,,2026-05-25,Uttarakhand
Pinq,Retail - Beauty Tech,Seed,431000.0,Inflection Point Ventures,,,2026-05-25,Delhi
Confluxe,Retail - Brands Tech,Seed,1600000.0,Wavemaker Partners,,,2026-05-25,Karnataka
Assiduus,Retail - Cross Border Commerce,Series A,25000000.0,Bajaj Finserv,,,2026-05-25,Karnataka
Magical Nest,Retail - Mom & Baby Care,Seed,439000.0,Stargazer Fund,,,2026-05-25,Karnataka
Moe Puppy,Retail - Pet Tech,Seed,217000.0,PedalStart,,,2026-05-25,Haryana
Zoomies,Retail - Pet Tech,Seed,541000.0,D2C Insider,,,2026-05-25,Maharashtra
Swageazy,Retail > B2B E-Commerce,Seed,584000.0,Info Edge Ventures,,,2026-05-25,Haryana
Bubble Me,Retail > Beauty Tech,Seed,164000.0,ajvc,,,2026-05-25,"Haryana, India"
Clayco,Retail > Beauty Tech,Series A,3300000.0,Twenty Nine Capital Partners,,,2026-05-25,Maharashtra
LUZO,Retail > Beauty Tech,Angel,109000.0,100X.VC,,,2026-05-25,"Maharashtra, India"
Nailinit,Retail > Beauty Tech,Seed,330000.0,Gruhas Collective Consumer Fund,,,2026-05-25,Maharashtra
RAS Luxury Oils,Retail > Beauty Tech,Series B,7500000.0,Dabur,,,2026-05-25,Chhattisgarh
ShowroomB2B,Retail > Brands Tech,Debt,,Alteria Capital,,,2026-05-25,Uttar Pradesh
Edify.Club,Retail > Consumer Electronics E-Commerce,Angel,,Ravi Bishnoi,,,2026-05-25,Karnataka
Grest,Retail > Consumer Electronics E-Commerce,Seed,,ICMG Group,,,2026-05-25,Haryana
Kreo,Retail > Consumer Electronics E-Commerce,Angel,110000.0,Ritesh Agarwal,,,2026-05-25,Karnataka
Kreo,Retail > Consumer Electronics E-Commerce,Debt,110000.0,Ritesh Agarwal,,,2026-05-25,Karnataka
GoSats,Retail > Coupons and Deals,Series A,5000000.0,Konvoy Ventures,,,2026-05-25,Karnataka
GoSats,Retail > Coupons and Deals,Series A,5000000.0,Y Combinator,,,2026-05-25,Karnataka
Inamo,Retail > E-Commerce Enablers,Series A,6000000.0,Prime Venture Partners,,,2026-05-25,Maharashtra
Inamo,Retail > E-Commerce Enablers,Venture Debt,2000000.0,Prime Venture Partners,,,2026-05-25,Maharashtra
Basil,Retail > Home Improvements,Seed,2000000.0,Prime Venture Partners,,,2026-05-25,Karnataka
Home Essentials,Retail > Home Improvements,Series A,7700000.0,360 One,,,2026-05-25,Madhya Pradesh
MeMeraki,Retail > Home Improvements,Angel,110000.0,Varun Alagh,,,2026-05-25,Haryana
Nester,Retail > Home Improvements,Seed,2100000.0,Fireside Ventures,,,2026-05-25,Haryana
Epik,Retail > Horizontal E-Commerce,Seed,1000000.0,Info Edge Ventures,,,2026-05-25,Karnataka
Innoviti,Retail > In Store Retail Tech,Unattributed,11400000.0,Bessemer Venture Partners,,,2026-05-25,Karnataka
Filliandme,Retail > Mom & Baby Care,Seed,161000.0,D2C Insider,,,2026-05-25,Haryana
Filliandme,Retail > Mom & Baby Care,Debt,,D2C Insider,,,2026-05-25,Haryana
Kidbea,Retail > Mom & Baby Care,Series A,3200000.0,Enrission India Capital,,,2026-05-25,Uttar Pradesh
Panda's Box,Retail > Mom & Baby Care,Angel,132000.0,Aman Gupta,,,2026-05-25,Delhi
RN Kids,Retail > Mom & Baby Care,Seed,760000.0,Ashish Kacholia,,,2026-05-25,Maharashtra
Rosada,Retail > Mom & Baby Care,Angel,45900.0,Namita Thapar,,,2026-05-25,West Bengal
Rosada,Retail > Mom & Baby Care,Angel,138000.0,Ritesh Agarwal,,,2026-05-25,West Bengal
Benny's Bowl,Retail > Pet Tech,Seed,1400000.0,Atomic Capital,,,2026-05-25,Delhi
Supertails,Retail > Pet Tech,Series C,30000000.0,Venturi Partners,,,2026-05-25,Karnataka
Style Baazar,Retail > Retail Chains,Series B,8940000.0,Cupid,,,2026-05-25,West Bengal
Style Baazar,Retail > Retail Chains,Series B,8940000.0,Chandurkar Investments,,,2026-05-25,West Bengal
Artociti,Retail > Retailers,Angel,53300.0,Namita Thapar,,,2026-05-25,-
Artociti,Retail > Retailers,Angel,110000.0,Vineeta Singh,,,2026-05-25,-
Rozana,Retail > Rural Ecommerce,Series B,26600000.0,Bertelsmann India Investments,,,2026-05-25,"Delhi, India"
Rozana,Retail > Rural Ecommerce,Debt,5000000.0,Bertelsmann India Investments,,,2026-05-25,"Delhi, India"
Wishlink,Retail > Social Commerce,Series B,17500000.0,Vertex Ventures,,,2026-05-25,Haryana
Zoop,Retail > Video Commerce,Seed,,Peak XV Partners,,,2026-05-25,Haryana
Avni Wellness,Retail – Beauty Tech,Angel,84500.0,Arokiaswamy Velumani,,,2026-05-25,Maharashtra
Shesha Ayurveda,Retail – Beauty Tech,Angel,218000.0,Aman Gupta,,,2026-05-25,—
MeMeraki,Retail – Home Improvements,Seed,,Next Bharat Ventures,,,2026-05-25,Haryana
Carrum,Road Transport Tech,Series A,,Uber,,,2026-05-25,Haryana
Transvolt,Road Transport Tech,Series B,15000000.0,Finnfund,,,2026-05-25,Maharashtra
Octobotics Tech,Robotics,Seed,1110000.0,Navam Capital,,,2026-05-25,Uttar Pradesh
Raana semiconductors,Semiconductor Manufacturing Equipment,Seed,3000000.0,Artha Venture Fund,,,2026-05-25,Tamil Nadu
BigEndian,Semiconductors,Seed,6000000.0,Indian Angel Network,,,2026-05-25,"Karnataka, India"
BigEndian,Semiconductors,Seed,6000000.0,Vertex Ventures,,,2026-05-25,"Karnataka, India"
HrdWyr,Semiconductors,Series A,13000000.0,Ideaspring Capital,,,2026-05-25,Karnataka
DeepLase Technologies,Semiconductors - Photonics,Seed,647000.0,MGF Kavachh,,,2026-05-25,Delhi
C2I Semiconductors,Semiconductors > Analog and Mixed Signal ICs,Series A,15000000.0,Peak XV Partners,,,2026-05-25,Karnataka
Hi-Q Electronics,Semiconductors > Printed Circuit Boards,PE,19100000.0,ValueQuest,,,2026-05-25,"Karnataka, India"
SkinInspired,Skincare,Series A,2900000.0,Spring,,,2026-05-25,Rajasthan
DrinkPrime,Smart Home Tech,Series B,2170000.0,Artha Venture Fund,,,2026-05-25,Karnataka
Culture,Social Platforms,Seed,220000.0,Acuvest Infra,,,2026-05-25,Telangana
Mozark,Software Testing,Series B,40000000.0,IFC,,,2026-05-25,Maharashtra
Oriana Power,Solar Energy,Post-IPO,4750000.0,Dalmia Cement Bharat,,,2026-05-25,Delhi
Radiance Renewables,Solar Energy,Series C,100000000.0,Impact Fund Denmark,,,2026-05-25,Maharashtra
PolyCycl,Solid Waste Management Tech,Series A,2860000.0,Rainmatter,,,2026-05-25,Haryana
AgniKul,Space Tech,Series C,2700000.0,TIDCO,,,2026-05-25,Tamil Nadu
Aule Space,Space Tech,Seed,2000000.0,pi Ventures,,,2026-05-25,Karnataka
Dhruva Space,Space Tech,Grant,11000000.0,Anrf,,,2026-05-25,Telangana
GalaxEye,Space Tech,Series A,4800000.0,Speciale Invest,,,2026-05-25,Karnataka
Sanyark,Space Tech,Seed,,AUM Ventures,,,2026-05-25,Telangana
Satlabs Space Systems,Space Tech,Seed,1000000.0,Finvolve,,,2026-05-25,—
Skyroot,Space Tech,Series C,60000000.0,Sherpalo Ventures,,,2026-05-25,"Telangana, India"
Skyroot,Space Tech,Series C,60000000.0,Mukesh Bansal,,,2026-05-25,"Telangana, India"
Skitii,Speech and Voice Recognition,Angel,436000.0,IIT Mandi Catalyst,,,2026-05-25,Maharashtra
Gamepoint,Sports Tech,Seed,775000.0,Raj P Narayanam,,,2026-05-25,Telangana
Velmenni,Telecom - Infrastructure Tech,Seed,3300000.0,pi Ventures,,,2026-05-25,Delhi
Astrome,Telecom > Telecom Infrastructure Tech,Grant,551000.0,IN-SPACe,,,2026-05-25,Karnataka
Digital Striker,Telecom Infrastructure,Seed,1000000.0,Foxhog Ventures,,,2026-05-25,Delhi
Dalvoy,Test Preparation Tech,Seed,680000.0,8i Ventures,,,2026-05-25,Delhi
IndiGrid,Transmission System Operators,Post-IPO,163000000.0,KKR,,,2026-05-25,Delhi
FusionStays,Travel & Hospitality - Travel Agencies,Seed,80200.0,Vruddhi Capital,,,2026-05-25,West Bengal
Blunav Technologies,Travel & Hospitality Tech,Seed,1000000.0,Piper Serica,,,2026-05-25,"Tamil Nadu, India"
Blunav Technologies,Travel & Hospitality Tech,Seed,1000000.0,StartupTN,,,2026-05-25,"Tamil Nadu, India"
Capture A Trip,Travel & Tourism,Angel,83200.0,Kunal Bahl,,,2026-05-25,Delhi
Cinefai,Video Creation Tools,Debt,54900.0,Ritesh Agarwal,,,2026-05-25,Maharashtra
Cinefai,Video Creation Tools,Angel,54900.0,Ritesh Agarwal,,,2026-05-25,Maharashtra
Yes Sir,Wellness Services,Seed,,Kolkata Ventures,,,2026-05-25,West Bengal
